VALUE,FREQ,COUNTRY,ID,UNIT_MULT,BASE_YEAR,TIME_FORMAT,PERIOD,DESCRIPTION.XML_LANG,DESCRIPTION
576658.9097297,Q,DE,NGDP_R_NSA_XDC,6,2010,P3M,2000-01-01,en,"Gross Domestic Product, Real, Unadjusted, Domestic Currency"
584744.53986675,Q,DE,NGDP_R_NSA_XDC,6,2010,P3M,2000-04-01,en,"Gross Domestic Product, Real, Unadjusted, Domestic Currency"
591714.91226307,Q,DE,NGDP_R_NSA_XDC,6,2010,P3M,2000-07-01,en,"Gross Domestic Product, Real, Unadjusted, Domestic Currency"
601403.73404,Q,DE,NGDP_R_NSA_XDC,6,2010,P3M,2000-10-01,en,"Gross Domestic Product, Real, Unadjusted, Domestic Currency"
589275.279621,Q,DE,NGDP_R_NSA_XDC,6,2010,P3M,2001-01-01,en,"Gross Domestic Product, Real, Unadjusted, Domestic Currency"
593945.42774452,Q,DE,NGDP_R_NSA_XDC,6,2010,P3M,2001-04-01,en,"Gross Domestic Product, Real, Unadjusted, Domestic Currency"
600288.46708585,Q,DE,NGDP_R_NSA_XDC,6,2010,P3M,2001-07-01,en,"Gross Domestic Product, Real, Unadjusted, Domestic Currency"
610744.03028704,Q,DE,NGDP_R_NSA_XDC,6,2010,P3M,2001-10-01,en,"Gross Domestic Product, Real, Unadjusted, Domestic Currency"
579307.65031896,Q,DE,NGDP_R_NSA_XDC,6,2010,P3M,2002-01-01,en,"Gross Domestic Product, Real, Unadjusted, Domestic Currency"
594084.83611379,Q,DE,NGDP_R_NSA_XDC,6,2010,P3M,2002-04-01,en,"Gross Domestic Product, Real, Unadjusted, Domestic Currency"
605098.02357864,Q,DE,NGDP_R_NSA_XDC,6,2010,P3M,2002-07-01,en,"Gross Domestic Product, Real, Unadjusted, Domestic Currency"
610953.13823423,Q,DE,NGDP_R_NSA_XDC,6,2010,P3M,2002-10-01,en,"Gross Domestic Product, Real, Unadjusted, Domestic Currency"
576658.9097297,Q,DE,NGDP_R_NSA_XDC,6,2010,P3M,2003-01-01,en,"Gross Domestic Product, Real, Unadjusted, Domestic Currency"
585859.79760747,Q,DE,NGDP_R_NSA_XDC,6,2010,P3M,2003-04-01,en,"Gross Domestic Product, Real, Unadjusted, Domestic Currency"
600636.99261573,Q,DE,NGDP_R_NSA_XDC,6,2010,P3M,2003-07-01,en,"Gross Domestic Product, Real, Unadjusted, Domestic Currency"
609489.36417705,Q,DE,NGDP_R_NSA_XDC,6,2010,P3M,2003-10-01,en,"Gross Domestic Product, Real, Unadjusted, Domestic Currency"
586208.32313736,Q,DE,NGDP_R_NSA_XDC,6,2010,P3M,2004-01-01,en,"Gross Domestic Product, Real, Unadjusted, Domestic Currency"
596733.57670305,Q,DE,NGDP_R_NSA_XDC,6,2010,P3M,2004-04-01,en,"Gross Domestic Product, Real, Unadjusted, Domestic Currency"
603285.73320499,Q,DE,NGDP_R_NSA_XDC,6,2010,P3M,2004-07-01,en,"Gross Domestic Product, Real, Unadjusted, Domestic Currency"
614508.02861703,Q,DE,NGDP_R_NSA_XDC,6,2010,P3M,2004-10-01,en,"Gross Domestic Product, Real, Unadjusted, Domestic Currency"
582235.20764676,Q,DE,NGDP_R_NSA_XDC,6,2010,P3M,2005-01-01,en,"Gross Domestic Product, Real, Unadjusted, Domestic Currency"
603494.84115218,Q,DE,NGDP_R_NSA_XDC,6,2010,P3M,2005-04-01,en,"Gross Domestic Product, Real, Unadjusted, Domestic Currency"
610395.51397058,Q,DE,NGDP_R_NSA_XDC,6,2010,P3M,2005-07-01,en,"Gross Domestic Product, Real, Unadjusted, Domestic Currency"
622036.03449042,Q,DE,NGDP_R_NSA_XDC,6,2010,P3M,2005-10-01,en,"Gross Domestic Product, Real, Unadjusted, Domestic Currency"
607189.13990425,Q,DE,NGDP_R_NSA_XDC,6,2010,P3M,2006-01-01,en,"Gross Domestic Product, Real, Unadjusted, Domestic Currency"
619805.50979555,Q,DE,NGDP_R_NSA_XDC,6,2010,P3M,2006-04-01,en,"Gross Domestic Product, Real, Unadjusted, Domestic Currency"
632003.66379247,Q,DE,NGDP_R_NSA_XDC,6,2010,P3M,2006-07-01,en,"Gross Domestic Product, Real, Unadjusted, Domestic Currency"
651381.2981329,Q,DE,NGDP_R_NSA_XDC,6,2010,P3M,2006-10-01,en,"Gross Domestic Product, Real, Unadjusted, Domestic Currency"
631655.14747601,Q,DE,NGDP_R_NSA_XDC,6,2010,P3M,2007-01-01,en,"Gross Domestic Product, Real, Unadjusted, Domestic Currency"
639252.85292733,Q,DE,NGDP_R_NSA_XDC,6,2010,P3M,2007-04-01,en,"Gross Domestic Product, Real, Unadjusted, Domestic Currency"
650614.55670863,Q,DE,NGDP_R_NSA_XDC,6,2010,P3M,2007-07-01,en,"Gross Domestic Product, Real, Unadjusted, Domestic Currency"
663718.86049909,Q,DE,NGDP_R_NSA_XDC,6,2010,P3M,2007-10-01,en,"Gross Domestic Product, Real, Unadjusted, Domestic Currency"
644132.10899804,Q,DE,NGDP_R_NSA_XDC,6,2010,P3M,2008-01-01,en,"Gross Domestic Product, Real, Unadjusted, Domestic Currency"
657933.45463484,Q,DE,NGDP_R_NSA_XDC,6,2010,P3M,2008-04-01,en,"Gross Domestic Product, Real, Unadjusted, Domestic Currency"
656957.59604995,Q,DE,NGDP_R_NSA_XDC,6,2010,P3M,2008-07-01,en,"Gross Domestic Product, Real, Unadjusted, Domestic Currency"
651032.78181644,Q,DE,NGDP_R_NSA_XDC,6,2010,P3M,2008-10-01,en,"Gross Domestic Product, Real, Unadjusted, Domestic Currency"
601055.20851011,Q,DE,NGDP_R_NSA_XDC,6,2010,P3M,2009-01-01,en,"Gross Domestic Product, Real, Unadjusted, Domestic Currency"
605795.06542498,Q,DE,NGDP_R_NSA_XDC,6,2010,P3M,2009-04-01,en,"Gross Domestic Product, Real, Unadjusted, Domestic Currency"
620920.7767497,Q,DE,NGDP_R_NSA_XDC,6,2010,P3M,2009-07-01,en,"Gross Domestic Product, Real, Unadjusted, Domestic Currency"
633606.85543235,Q,DE,NGDP_R_NSA_XDC,6,2010,P3M,2009-10-01,en,"Gross Domestic Product, Real, Unadjusted, Domestic Currency"
616250.61941275,Q,DE,NGDP_R_NSA_XDC,6,2010,P3M,2010-01-01,en,"Gross Domestic Product, Real, Unadjusted, Domestic Currency"
634652.40438172,Q,DE,NGDP_R_NSA_XDC,6,2010,P3M,2010-04-01,en,"Gross Domestic Product, Real, Unadjusted, Domestic Currency"
650056.93244498,Q,DE,NGDP_R_NSA_XDC,6,2010,P3M,2010-07-01,en,"Gross Domestic Product, Real, Unadjusted, Domestic Currency"
663440.04376055,Q,DE,NGDP_R_NSA_XDC,6,2010,P3M,2010-10-01,en,"Gross Domestic Product, Real, Unadjusted, Domestic Currency"
655633.23036204,Q,DE,NGDP_R_NSA_XDC,6,2010,P3M,2011-01-01,en,"Gross Domestic Product, Real, Unadjusted, Domestic Currency"
658630.48726776,Q,DE,NGDP_R_NSA_XDC,6,2010,P3M,2011-04-01,en,"Gross Domestic Product, Real, Unadjusted, Domestic Currency"
673965.30653966,Q,DE,NGDP_R_NSA_XDC,6,2010,P3M,2011-07-01,en,"Gross Domestic Product, Real, Unadjusted, Domestic Currency"
676544.347551,Q,DE,NGDP_R_NSA_XDC,6,2010,P3M,2011-10-01,en,"Gross Domestic Product, Real, Unadjusted, Domestic Currency"
665391.75171689,Q,DE,NGDP_R_NSA_XDC,6,2010,P3M,2012-01-01,en,"Gross Domestic Product, Real, Unadjusted, Domestic Currency"
661418.63622629,Q,DE,NGDP_R_NSA_XDC,6,2010,P3M,2012-04-01,en,"Gross Domestic Product, Real, Unadjusted, Domestic Currency"
673477.38185394,Q,DE,NGDP_R_NSA_XDC,6,2010,P3M,2012-07-01,en,"Gross Domestic Product, Real, Unadjusted, Domestic Currency"
675847.30570466,Q,DE,NGDP_R_NSA_XDC,6,2010,P3M,2012-10-01,en,"Gross Domestic Product, Real, Unadjusted, Domestic Currency"
655145.30567631,Q,DE,NGDP_R_NSA_XDC,6,2010,P3M,2013-01-01,en,"Gross Domestic Product, Real, Unadjusted, Domestic Currency"
666855.52577407,Q,DE,NGDP_R_NSA_XDC,6,2010,P3M,2013-04-01,en,"Gross Domestic Product, Real, Unadjusted, Domestic Currency"
681423.60362171,Q,DE,NGDP_R_NSA_XDC,6,2010,P3M,2013-07-01,en,"Gross Domestic Product, Real, Unadjusted, Domestic Currency"
684281.46137159,Q,DE,NGDP_R_NSA_XDC,6,2010,P3M,2013-10-01,en,"Gross Domestic Product, Real, Unadjusted, Domestic Currency"
676265.53081246,Q,DE,NGDP_R_NSA_XDC,6,2010,P3M,2014-01-01,en,"Gross Domestic Product, Real, Unadjusted, Domestic Currency"
676265.53081246,Q,DE,NGDP_R_NSA_XDC,6,2010,P3M,2014-04-01,en,"Gross Domestic Product, Real, Unadjusted, Domestic Currency"
693830.86556582,Q,DE,NGDP_R_NSA_XDC,6,2010,P3M,2014-07-01,en,"Gross Domestic Product, Real, Unadjusted, Domestic Currency"
700940.64633141,Q,DE,NGDP_R_NSA_XDC,6,2010,P3M,2014-10-01,en,"Gross Domestic Product, Real, Unadjusted, Domestic Currency"
683026.7952616,Q,DE,NGDP_R_NSA_XDC,6,2010,P3M,2015-01-01,en,"Gross Domestic Product, Real, Unadjusted, Domestic Currency"
686581.68564439,Q,DE,NGDP_R_NSA_XDC,6,2010,P3M,2015-04-01,en,"Gross Domestic Product, Real, Unadjusted, Domestic Currency"
704356.12834494,Q,DE,NGDP_R_NSA_XDC,6,2010,P3M,2015-07-01,en,"Gross Domestic Product, Real, Unadjusted, Domestic Currency"
714184.35849114,Q,DE,NGDP_R_NSA_XDC,6,2010,P3M,2015-10-01,en,"Gross Domestic Product, Real, Unadjusted, Domestic Currency"
697803.98105643,Q,DE,NGDP_R_NSA_XDC,6,2010,P3M,2016-01-01,en,"Gross Domestic Product, Real, Unadjusted, Domestic Currency"
711117.39279407,Q,DE,NGDP_R_NSA_XDC,6,2010,P3M,2016-04-01,en,"Gross Domestic Product, Real, Unadjusted, Domestic Currency"
717460.4321354,Q,DE,NGDP_R_NSA_XDC,6,2010,P3M,2016-07-01,en,"Gross Domestic Product, Real, Unadjusted, Domestic Currency"
723942.87984599,Q,DE,NGDP_R_NSA_XDC,6,2010,P3M,2016-10-01,en,"Gross Domestic Product, Real, Unadjusted, Domestic Currency"
722897.32168318,Q,DE,NGDP_R_NSA_XDC,6,2010,P3M,2017-01-01,en,"Gross Domestic Product, Real, Unadjusted, Domestic Currency"
720666.80620173,Q,DE,NGDP_R_NSA_XDC,6,2010,P3M,2017-04-01,en,"Gross Domestic Product, Real, Unadjusted, Domestic Currency"
736768.36689791,Q,DE,NGDP_R_NSA_XDC,6,2010,P3M,2017-07-01,en,"Gross Domestic Product, Real, Unadjusted, Domestic Currency"
746387.47988349,Q,DE,NGDP_R_NSA_XDC,6,2010,P3M,2017-10-01,en,"Gross Domestic Product, Real, Unadjusted, Domestic Currency"
732307.32672158,Q,DE,NGDP_R_NSA_XDC,6,2010,P3M,2018-01-01,en,"Gross Domestic Product, Real, Unadjusted, Domestic Currency"
735931.91668229,Q,DE,NGDP_R_NSA_XDC,6,2010,P3M,2018-04-01,en,"Gross Domestic Product, Real, Unadjusted, Domestic Currency"
738301.84053301,Q,DE,NGDP_R_NSA_XDC,6,2010,P3M,2018-07-01,en,"Gross Domestic Product, Real, Unadjusted, Domestic Currency"
748966.5116814,Q,DE,NGDP_R_NSA_XDC,6,2010,P3M,2018-10-01,en,"Gross Domestic Product, Real, Unadjusted, Domestic Currency"
742623.47234007,Q,DE,NGDP_R_NSA_XDC,6,2010,P3M,2019-01-01,en,"Gross Domestic Product, Real, Unadjusted, Domestic Currency"
736977.4748451,Q,DE,NGDP_R_NSA_XDC,6,2010,P3M,2019-04-01,en,"Gross Domestic Product, Real, Unadjusted, Domestic Currency"
752591.11085554,Q,DE,NGDP_R_NSA_XDC,6,2010,P3M,2019-07-01,en,"Gross Domestic Product, Real, Unadjusted, Domestic Currency"
754473.11002054,Q,DE,NGDP_R_NSA_XDC,6,2010,P3M,2019-10-01,en,"Gross Domestic Product, Real, Unadjusted, Domestic Currency"
736698.65810656,Q,DE,NGDP_R_NSA_XDC,6,2010,P3M,2020-01-01,en,"Gross Domestic Product, Real, Unadjusted, Domestic Currency"
659676.04543056,Q,DE,NGDP_R_NSA_XDC,6,2010,P3M,2020-04-01,en,"Gross Domestic Product, Real, Unadjusted, Domestic Currency"
734537.84220303,Q,DE,NGDP_R_NSA_XDC,6,2010,P3M,2020-07-01,en,"Gross Domestic Product, Real, Unadjusted, Domestic Currency"
745481.33008995,Q,DE,NGDP_R_NSA_XDC,6,2010,P3M,2020-10-01,en,"Gross Domestic Product, Real, Unadjusted, Domestic Currency"
719969.76435539,Q,DE,NGDP_R_NSA_XDC,6,2010,P3M,2021-01-01,en,"Gross Domestic Product, Real, Unadjusted, Domestic Currency"
729449.4689717,Q,DE,NGDP_R_NSA_XDC,6,2010,P3M,2021-04-01,en,"Gross Domestic Product, Real, Unadjusted, Domestic Currency"
747990.66230994,Q,DE,NGDP_R_NSA_XDC,6,2010,P3M,2021-07-01,en,"Gross Domestic Product, Real, Unadjusted, Domestic Currency"
754473.11002054,Q,DE,NGDP_R_NSA_XDC,6,2010,P3M,2021-10-01,en,"Gross Domestic Product, Real, Unadjusted, Domestic Currency"
747781.55436275,Q,DE,NGDP_R_NSA_XDC,6,2010,P3M,2022-01-01,en,"Gross Domestic Product, Real, Unadjusted, Domestic Currency"
742065.84807643,Q,DE,NGDP_R_NSA_XDC,6,2010,P3M,2022-04-01,en,"Gross Domestic Product, Real, Unadjusted, Domestic Currency"
756912.7426626,Q,DE,NGDP_R_NSA_XDC,6,2010,P3M,2022-07-01,en,"Gross Domestic Product, Real, Unadjusted, Domestic Currency"
3263869,Q,US,NGDP_R_NSA_XDC,6,2012,P3M,2002-01-01,en,"Gross Domestic Product, Real, Unadjusted, Domestic Currency"
3362508,Q,US,NGDP_R_NSA_XDC,6,2012,P3M,2002-04-01,en,"Gross Domestic Product, Real, Unadjusted, Domestic Currency"
3401820,Q,US,NGDP_R_NSA_XDC,6,2012,P3M,2002-07-01,en,"Gross Domestic Product, Real, Unadjusted, Domestic Currency"
3460159,Q,US,NGDP_R_NSA_XDC,6,2012,P3M,2002-10-01,en,"Gross Domestic Product, Real, Unadjusted, Domestic Currency"
3340163,Q,US,NGDP_R_NSA_XDC,6,2012,P3M,2003-01-01,en,"Gross Domestic Product, Real, Unadjusted, Domestic Currency"
3429079,Q,US,NGDP_R_NSA_XDC,6,2012,P3M,2003-04-01,en,"Gross Domestic Product, Real, Unadjusted, Domestic Currency"
3498914,Q,US,NGDP_R_NSA_XDC,6,2012,P3M,2003-07-01,en,"Gross Domestic Product, Real, Unadjusted, Domestic Currency"
3597364,Q,US,NGDP_R_NSA_XDC,6,2012,P3M,2003-10-01,en,"Gross Domestic Product, Real, Unadjusted, Domestic Currency"
3484837,Q,US,NGDP_R_NSA_XDC,6,2012,P3M,2004-01-01,en,"Gross Domestic Product, Real, Unadjusted, Domestic Currency"
3575515,Q,US,NGDP_R_NSA_XDC,6,2012,P3M,2004-04-01,en,"Gross Domestic Product, Real, Unadjusted, Domestic Currency"
3617667,Q,US,NGDP_R_NSA_XDC,6,2012,P3M,2004-07-01,en,"Gross Domestic Product, Real, Unadjusted, Domestic Currency"
3721678,Q,US,NGDP_R_NSA_XDC,6,2012,P3M,2004-10-01,en,"Gross Domestic Product, Real, Unadjusted, Domestic Currency"
3603670,Q,US,NGDP_R_NSA_XDC,6,2012,P3M,2005-01-01,en,"Gross Domestic Product, Real, Unadjusted, Domestic Currency"
3701582,Q,US,NGDP_R_NSA_XDC,6,2012,P3M,2005-04-01,en,"Gross Domestic Product, Real, Unadjusted, Domestic Currency"
3767844,Q,US,NGDP_R_NSA_XDC,6,2012,P3M,2005-07-01,en,"Gross Domestic Product, Real, Unadjusted, Domestic Currency"
3828173,Q,US,NGDP_R_NSA_XDC,6,2012,P3M,2005-10-01,en,"Gross Domestic Product, Real, Unadjusted, Domestic Currency"
3729338,Q,US,NGDP_R_NSA_XDC,6,2012,P3M,2006-01-01,en,"Gross Domestic Product, Real, Unadjusted, Domestic Currency"
3836061,Q,US,NGDP_R_NSA_XDC,6,2012,P3M,2006-04-01,en,"Gross Domestic Product, Real, Unadjusted, Domestic Currency"
3833693,Q,US,NGDP_R_NSA_XDC,6,2012,P3M,2006-07-01,en,"Gross Domestic Product, Real, Unadjusted, Domestic Currency"
3916851,Q,US,NGDP_R_NSA_XDC,6,2012,P3M,2006-10-01,en,"Gross Domestic Product, Real, Unadjusted, Domestic Currency"
3785119,Q,US,NGDP_R_NSA_XDC,6,2012,P3M,2007-01-01,en,"Gross Domestic Product, Real, Unadjusted, Domestic Currency"
3896720,Q,US,NGDP_R_NSA_XDC,6,2012,P3M,2007-04-01,en,"Gross Domestic Product, Real, Unadjusted, Domestic Currency"
3926744,Q,US,NGDP_R_NSA_XDC,6,2012,P3M,2007-07-01,en,"Gross Domestic Product, Real, Unadjusted, Domestic Currency"
4015289,Q,US,NGDP_R_NSA_XDC,6,2012,P3M,2007-10-01,en,"Gross Domestic Product, Real, Unadjusted, Domestic Currency"
3902770,Q,US,NGDP_R_NSA_XDC,6,2012,P3M,2008-01-01,en,"Gross Domestic Product, Real, Unadjusted, Domestic Currency"
3934652,Q,US,NGDP_R_NSA_XDC,6,2012,P3M,2008-04-01,en,"Gross Domestic Product, Real, Unadjusted, Domestic Currency"
3910393,Q,US,NGDP_R_NSA_XDC,6,2012,P3M,2008-07-01,en,"Gross Domestic Product, Real, Unadjusted, Domestic Currency"
3895147,Q,US,NGDP_R_NSA_XDC,6,2012,P3M,2008-10-01,en,"Gross Domestic Product, Real, Unadjusted, Domestic Currency"
3703443,Q,US,NGDP_R_NSA_XDC,6,2012,P3M,2009-01-01,en,"Gross Domestic Product, Real, Unadjusted, Domestic Currency"
3782545,Q,US,NGDP_R_NSA_XDC,6,2012,P3M,2009-04-01,en,"Gross Domestic Product, Real, Unadjusted, Domestic Currency"
3823607,Q,US,NGDP_R_NSA_XDC,6,2012,P3M,2009-07-01,en,"Gross Domestic Product, Real, Unadjusted, Domestic Currency"
3926667,Q,US,NGDP_R_NSA_XDC,6,2012,P3M,2009-10-01,en,"Gross Domestic Product, Real, Unadjusted, Domestic Currency"
3776480,Q,US,NGDP_R_NSA_XDC,6,2012,P3M,2010-01-01,en,"Gross Domestic Product, Real, Unadjusted, Domestic Currency"
3900640,Q,US,NGDP_R_NSA_XDC,6,2012,P3M,2010-04-01,en,"Gross Domestic Product, Real, Unadjusted, Domestic Currency"
3945123,Q,US,NGDP_R_NSA_XDC,6,2012,P3M,2010-07-01,en,"Gross Domestic Product, Real, Unadjusted, Domestic Currency"
4026748,Q,US,NGDP_R_NSA_XDC,6,2012,P3M,2010-10-01,en,"Gross Domestic Product, Real, Unadjusted, Domestic Currency"
3871183,Q,US,NGDP_R_NSA_XDC,6,2012,P3M,2011-01-01,en,"Gross Domestic Product, Real, Unadjusted, Domestic Currency"
3957950,Q,US,NGDP_R_NSA_XDC,6,2012,P3M,2011-04-01,en,"Gross Domestic Product, Real, Unadjusted, Domestic Currency"
3983907,Q,US,NGDP_R_NSA_XDC,6,2012,P3M,2011-07-01,en,"Gross Domestic Product, Real, Unadjusted, Domestic Currency"
4078494,Q,US,NGDP_R_NSA_XDC,6,2012,P3M,2011-10-01,en,"Gross Domestic Product, Real, Unadjusted, Domestic Currency"
3986349,Q,US,NGDP_R_NSA_XDC,6,2012,P3M,2012-01-01,en,"Gross Domestic Product, Real, Unadjusted, Domestic Currency"
4046533,Q,US,NGDP_R_NSA_XDC,6,2012,P3M,2012-04-01,en,"Gross Domestic Product, Real, Unadjusted, Domestic Currency"
4083025,Q,US,NGDP_R_NSA_XDC,6,2012,P3M,2012-07-01,en,"Gross Domestic Product, Real, Unadjusted, Domestic Currency"
4138064,Q,US,NGDP_R_NSA_XDC,6,2012,P3M,2012-10-01,en,"Gross Domestic Product, Real, Unadjusted, Domestic Currency"
4017571,Q,US,NGDP_R_NSA_XDC,6,2012,P3M,2013-01-01,en,"Gross Domestic Product, Real, Unadjusted, Domestic Currency"
4104203,Q,US,NGDP_R_NSA_XDC,6,2012,P3M,2013-04-01,en,"Gross Domestic Product, Real, Unadjusted, Domestic Currency"
4170710,Q,US,NGDP_R_NSA_XDC,6,2012,P3M,2013-07-01,en,"Gross Domestic Product, Real, Unadjusted, Domestic Currency"
4260864,Q,US,NGDP_R_NSA_XDC,6,2012,P3M,2013-10-01,en,"Gross Domestic Product, Real, Unadjusted, Domestic Currency"
4079517,Q,US,NGDP_R_NSA_XDC,6,2012,P3M,2014-01-01,en,"Gross Domestic Product, Real, Unadjusted, Domestic Currency"
4194264,Q,US,NGDP_R_NSA_XDC,6,2012,P3M,2014-04-01,en,"Gross Domestic Product, Real, Unadjusted, Domestic Currency"
4287261,Q,US,NGDP_R_NSA_XDC,6,2012,P3M,2014-07-01,en,"Gross Domestic Product, Real, Unadjusted, Domestic Currency"
4371009,Q,US,NGDP_R_NSA_XDC,6,2012,P3M,2014-10-01,en,"Gross Domestic Product, Real, Unadjusted, Domestic Currency"
4212523,Q,US,NGDP_R_NSA_XDC,6,2012,P3M,2015-01-01,en,"Gross Domestic Product, Real, Unadjusted, Domestic Currency"
4343294,Q,US,NGDP_R_NSA_XDC,6,2012,P3M,2015-04-01,en,"Gross Domestic Product, Real, Unadjusted, Domestic Currency"
4389955,Q,US,NGDP_R_NSA_XDC,6,2012,P3M,2015-07-01,en,"Gross Domestic Product, Real, Unadjusted, Domestic Currency"
4444522,Q,US,NGDP_R_NSA_XDC,6,2012,P3M,2015-10-01,en,"Gross Domestic Product, Real, Unadjusted, Domestic Currency"
4288310,Q,US,NGDP_R_NSA_XDC,6,2012,P3M,2016-01-01,en,"Gross Domestic Product, Real, Unadjusted, Domestic Currency"
4407286,Q,US,NGDP_R_NSA_XDC,6,2012,P3M,2016-04-01,en,"Gross Domestic Product, Real, Unadjusted, Domestic Currency"
4449603,Q,US,NGDP_R_NSA_XDC,6,2012,P3M,2016-07-01,en,"Gross Domestic Product, Real, Unadjusted, Domestic Currency"
4535075,Q,US,NGDP_R_NSA_XDC,6,2012,P3M,2016-10-01,en,"Gross Domestic Product, Real, Unadjusted, Domestic Currency"
4340814,Q,US,NGDP_R_NSA_XDC,6,2012,P3M,2017-01-01,en,"Gross Domestic Product, Real, Unadjusted, Domestic Currency"
4510507,Q,US,NGDP_R_NSA_XDC,6,2012,P3M,2017-04-01,en,"Gross Domestic Product, Real, Unadjusted, Domestic Currency"
4556956,Q,US,NGDP_R_NSA_XDC,6,2012,P3M,2017-07-01,en,"Gross Domestic Product, Real, Unadjusted, Domestic Currency"
4668375,Q,US,NGDP_R_NSA_XDC,6,2012,P3M,2017-10-01,en,"Gross Domestic Product, Real, Unadjusted, Domestic Currency"
4500182,Q,US,NGDP_R_NSA_XDC,6,2012,P3M,2018-01-01,en,"Gross Domestic Product, Real, Unadjusted, Domestic Currency"
4646830,Q,US,NGDP_R_NSA_XDC,6,2012,P3M,2018-04-01,en,"Gross Domestic Product, Real, Unadjusted, Domestic Currency"
4689905,Q,US,NGDP_R_NSA_XDC,6,2012,P3M,2018-07-01,en,"Gross Domestic Product, Real, Unadjusted, Domestic Currency"
4772161,Q,US,NGDP_R_NSA_XDC,6,2012,P3M,2018-10-01,en,"Gross Domestic Product, Real, Unadjusted, Domestic Currency"
4584814,Q,US,NGDP_R_NSA_XDC,6,2012,P3M,2019-01-01,en,"Gross Domestic Product, Real, Unadjusted, Domestic Currency"
4753025,Q,US,NGDP_R_NSA_XDC,6,2012,P3M,2019-04-01,en,"Gross Domestic Product, Real, Unadjusted, Domestic Currency"
4796221,Q,US,NGDP_R_NSA_XDC,6,2012,P3M,2019-07-01,en,"Gross Domestic Product, Real, Unadjusted, Domestic Currency"
4901993,Q,US,NGDP_R_NSA_XDC,6,2012,P3M,2019-10-01,en,"Gross Domestic Product, Real, Unadjusted, Domestic Currency"
4628460,Q,US,NGDP_R_NSA_XDC,6,2012,P3M,2020-01-01,en,"Gross Domestic Product, Real, Unadjusted, Domestic Currency"
4335915,Q,US,NGDP_R_NSA_XDC,6,2012,P3M,2020-04-01,en,"Gross Domestic Product, Real, Unadjusted, Domestic Currency"
4701108,Q,US,NGDP_R_NSA_XDC,6,2012,P3M,2020-07-01,en,"Gross Domestic Product, Real, Unadjusted, Domestic Currency"
4843660,Q,US,NGDP_R_NSA_XDC,6,2012,P3M,2020-10-01,en,"Gross Domestic Product, Real, Unadjusted, Domestic Currency"
4691624,Q,US,NGDP_R_NSA_XDC,6,2012,P3M,2021-01-01,en,"Gross Domestic Product, Real, Unadjusted, Domestic Currency"
4890835,Q,US,NGDP_R_NSA_XDC,6,2012,P3M,2021-04-01,en,"Gross Domestic Product, Real, Unadjusted, Domestic Currency"
4916402,Q,US,NGDP_R_NSA_XDC,6,2012,P3M,2021-07-01,en,"Gross Domestic Product, Real, Unadjusted, Domestic Currency"
5110951,Q,US,NGDP_R_NSA_XDC,6,2012,P3M,2021-10-01,en,"Gross Domestic Product, Real, Unadjusted, Domestic Currency"
4855857,Q,US,NGDP_R_NSA_XDC,6,2012,P3M,2022-01-01,en,"Gross Domestic Product, Real, Unadjusted, Domestic Currency"
4985795,Q,US,NGDP_R_NSA_XDC,6,2012,P3M,2022-04-01,en,"Gross Domestic Product, Real, Unadjusted, Domestic Currency"
5018093,Q,US,NGDP_R_NSA_XDC,6,2012,P3M,2022-07-01,en,"Gross Domestic Product, Real, Unadjusted, Domestic Currency"
5172445,Q,US,NGDP_R_NSA_XDC,6,2012,P3M,2022-10-01,en,"Gross Domestic Product, Real, Unadjusted, Domestic Currency"
585661.7619789,Q,DE,NGDP_R_SA_XDC,6,2010,P3M,2000-01-01,en,"Gross Domestic Product, Real, Seasonally Adjusted, Domestic Currency"
590401.71558486,Q,DE,NGDP_R_SA_XDC,6,2010,P3M,2000-04-01,en,"Gross Domestic Product, Real, Seasonally Adjusted, Domestic Currency"
590122.90183,Q,DE,NGDP_R_SA_XDC,6,2010,P3M,2000-07-01,en,"Gross Domestic Product, Real, Seasonally Adjusted, Domestic Currency"
588380.2375488,Q,DE,NGDP_R_SA_XDC,6,2010,P3M,2000-10-01,en,"Gross Domestic Product, Real, Seasonally Adjusted, Domestic Currency"
600282.0340646,Q,DE,NGDP_R_SA_XDC,6,2010,P3M,2001-01-01,en,"Gross Domestic Product, Real, Seasonally Adjusted, Domestic Currency"
600003.22952307,Q,DE,NGDP_R_SA_XDC,6,2010,P3M,2001-04-01,en,"Gross Domestic Product, Real, Seasonally Adjusted, Domestic Currency"
598748.56762618,Q,DE,NGDP_R_SA_XDC,6,2010,P3M,2001-07-01,en,"Gross Domestic Product, Real, Seasonally Adjusted, Domestic Currency"
598260.62973517,Q,DE,NGDP_R_SA_XDC,6,2010,P3M,2001-10-01,en,"Gross Domestic Product, Real, Seasonally Adjusted, Domestic Currency"
595193.70607165,Q,DE,NGDP_R_SA_XDC,6,2010,P3M,2002-01-01,en,"Gross Domestic Product, Real, Seasonally Adjusted, Domestic Currency"
597772.7010575,Q,DE,NGDP_R_SA_XDC,6,2010,P3M,2002-04-01,en,"Gross Domestic Product, Real, Seasonally Adjusted, Domestic Currency"
600560.84781947,Q,DE,NGDP_R_SA_XDC,6,2010,P3M,2002-07-01,en,"Gross Domestic Product, Real, Seasonally Adjusted, Domestic Currency"
599794.14224024,Q,DE,NGDP_R_SA_XDC,6,2010,P3M,2002-10-01,en,"Gross Domestic Product, Real, Seasonally Adjusted, Domestic Currency"
590924.51671189,Q,DE,NGDP_R_SA_XDC,6,2010,P3M,2003-01-01,en,"Gross Domestic Product, Real, Seasonally Adjusted, Domestic Currency"
591551.82462701,Q,DE,NGDP_R_SA_XDC,6,2010,P3M,2003-04-01,en,"Gross Domestic Product, Real, Seasonally Adjusted, Domestic Currency"
596082.37769697,Q,DE,NGDP_R_SA_XDC,6,2010,P3M,2003-07-01,en,"Gross Domestic Product, Real, Seasonally Adjusted, Domestic Currency"
597755.19573286,Q,DE,NGDP_R_SA_XDC,6,2010,P3M,2003-10-01,en,"Gross Domestic Product, Real, Seasonally Adjusted, Domestic Currency"
596709.79617204,Q,DE,NGDP_R_SA_XDC,6,2010,P3M,2004-01-01,en,"Gross Domestic Product, Real, Seasonally Adjusted, Domestic Currency"
599776.64612893,Q,DE,NGDP_R_SA_XDC,6,2010,P3M,2004-04-01,en,"Gross Domestic Product, Real, Seasonally Adjusted, Domestic Currency"
598522.067152,Q,DE,NGDP_R_SA_XDC,6,2010,P3M,2004-07-01,en,"Gross Domestic Product, Real, Seasonally Adjusted, Domestic Currency"
597964.42121561,Q,DE,NGDP_R_SA_XDC,6,2010,P3M,2004-10-01,en,"Gross Domestic Product, Real, Seasonally Adjusted, Domestic Currency"
597981.86204695,Q,DE,NGDP_R_SA_XDC,6,2010,P3M,2005-01-01,en,"Gross Domestic Product, Real, Seasonally Adjusted, Domestic Currency"
601188.18337458,Q,DE,NGDP_R_SA_XDC,6,2010,P3M,2005-04-01,en,"Gross Domestic Product, Real, Seasonally Adjusted, Domestic Currency"
606276.49294087,Q,DE,NGDP_R_SA_XDC,6,2010,P3M,2005-07-01,en,"Gross Domestic Product, Real, Seasonally Adjusted, Domestic Currency"
609134.32010823,Q,DE,NGDP_R_SA_XDC,6,2010,P3M,2005-10-01,en,"Gross Domestic Product, Real, Seasonally Adjusted, Domestic Currency"
614989.39053372,Q,DE,NGDP_R_SA_XDC,6,2010,P3M,2006-01-01,en,"Gross Domestic Product, Real, Seasonally Adjusted, Domestic Currency"
625584.2302986,Q,DE,NGDP_R_SA_XDC,6,2010,P3M,2006-04-01,en,"Gross Domestic Product, Real, Seasonally Adjusted, Domestic Currency"
630463.43415541,Q,DE,NGDP_R_SA_XDC,6,2010,P3M,2006-07-01,en,"Gross Domestic Product, Real, Seasonally Adjusted, Domestic Currency"
640012.76379953,Q,DE,NGDP_R_SA_XDC,6,2010,P3M,2006-10-01,en,"Gross Domestic Product, Real, Seasonally Adjusted, Domestic Currency"
640413.70022708,Q,DE,NGDP_R_SA_XDC,6,2010,P3M,2007-01-01,en,"Gross Domestic Product, Real, Seasonally Adjusted, Domestic Currency"
645780.70377496,Q,DE,NGDP_R_SA_XDC,6,2010,P3M,2007-04-01,en,"Gross Domestic Product, Real, Seasonally Adjusted, Domestic Currency"
649126.35827339,Q,DE,NGDP_R_SA_XDC,6,2010,P3M,2007-07-01,en,"Gross Domestic Product, Real, Seasonally Adjusted, Domestic Currency"
653308.44482308,Q,DE,NGDP_R_SA_XDC,6,2010,P3M,2007-10-01,en,"Gross Domestic Product, Real, Seasonally Adjusted, Domestic Currency"
657490.62350605,Q,DE,NGDP_R_SA_XDC,6,2010,P3M,2008-01-01,en,"Gross Domestic Product, Real, Seasonally Adjusted, Domestic Currency"
655887.51351555,Q,DE,NGDP_R_SA_XDC,6,2010,P3M,2008-04-01,en,"Gross Domestic Product, Real, Seasonally Adjusted, Domestic Currency"
651705.41775253,Q,DE,NGDP_R_SA_XDC,6,2010,P3M,2008-07-01,en,"Gross Domestic Product, Real, Seasonally Adjusted, Domestic Currency"
641319.92324368,Q,DE,NGDP_R_SA_XDC,6,2010,P3M,2008-10-01,en,"Gross Domestic Product, Real, Seasonally Adjusted, Domestic Currency"
611277.81947036,Q,DE,NGDP_R_SA_XDC,6,2010,P3M,2009-01-01,en,"Gross Domestic Product, Real, Seasonally Adjusted, Domestic Currency"
612253.61233241,Q,DE,NGDP_R_SA_XDC,6,2010,P3M,2009-04-01,en,"Gross Domestic Product, Real, Seasonally Adjusted, Domestic Currency"
615668.97487622,Q,DE,NGDP_R_SA_XDC,6,2010,P3M,2009-07-01,en,"Gross Domestic Product, Real, Seasonally Adjusted, Domestic Currency"
620199.53715951,Q,DE,NGDP_R_SA_XDC,6,2010,P3M,2009-10-01,en,"Gross Domestic Product, Real, Seasonally Adjusted, Domestic Currency"
625235.71771169,Q,DE,NGDP_R_SA_XDC,6,2010,P3M,2010-01-01,en,"Gross Domestic Product, Real, Seasonally Adjusted, Domestic Currency"
639315.6741324,Q,DE,NGDP_R_SA_XDC,6,2010,P3M,2010-04-01,en,"Gross Domestic Product, Real, Seasonally Adjusted, Domestic Currency"
644543.43664277,Q,DE,NGDP_R_SA_XDC,6,2010,P3M,2010-07-01,en,"Gross Domestic Product, Real, Seasonally Adjusted, Domestic Currency"
649771.17151315,Q,DE,NGDP_R_SA_XDC,6,2010,P3M,2010-10-01,en,"Gross Domestic Product, Real, Seasonally Adjusted, Domestic Currency"
662370.03926942,Q,DE,NGDP_R_SA_XDC,6,2010,P3M,2011-01-01,en,"Gross Domestic Product, Real, Seasonally Adjusted, Domestic Currency"
662997.34718454,Q,DE,NGDP_R_SA_XDC,6,2010,P3M,2011-04-01,en,"Gross Domestic Product, Real, Seasonally Adjusted, Domestic Currency"
668852.2794101,Q,DE,NGDP_R_SA_XDC,6,2010,P3M,2011-07-01,en,"Gross Domestic Product, Real, Seasonally Adjusted, Domestic Currency"
666691.5511232,Q,DE,NGDP_R_SA_XDC,6,2010,P3M,2011-10-01,en,"Gross Domestic Product, Real, Seasonally Adjusted, Domestic Currency"
668085.66596417,Q,DE,NGDP_R_SA_XDC,6,2010,P3M,2012-01-01,en,"Gross Domestic Product, Real, Seasonally Adjusted, Domestic Currency"
669479.62417854,Q,DE,NGDP_R_SA_XDC,6,2010,P3M,2012-04-01,en,"Gross Domestic Product, Real, Seasonally Adjusted, Domestic Currency"
671361.60320388,Q,DE,NGDP_R_SA_XDC,6,2010,P3M,2012-07-01,en,"Gross Domestic Product, Real, Seasonally Adjusted, Domestic Currency"
668364.45207904,Q,DE,NGDP_R_SA_XDC,6,2010,P3M,2012-10-01,en,"Gross Domestic Product, Real, Seasonally Adjusted, Domestic Currency"
665314.9508202,Q,DE,NGDP_R_SA_XDC,6,2010,P3M,2013-01-01,en,"Gross Domestic Product, Real, Seasonally Adjusted, Domestic Currency"
672424.60943595,Q,DE,NGDP_R_SA_XDC,6,2010,P3M,2013-04-01,en,"Gross Domestic Product, Real, Seasonally Adjusted, Domestic Currency"
676188.55827331,Q,DE,NGDP_R_SA_XDC,6,2010,P3M,2013-07-01,en,"Gross Domestic Product, Real, Seasonally Adjusted, Domestic Currency"
678140.29141067,Q,DE,NGDP_R_SA_XDC,6,2010,P3M,2013-10-01,en,"Gross Domestic Product, Real, Seasonally Adjusted, Domestic Currency"
684744.70029068,Q,DE,NGDP_R_SA_XDC,6,2010,P3M,2014-01-01,en,"Gross Domestic Product, Real, Seasonally Adjusted, Domestic Currency"
684744.70029068,Q,DE,NGDP_R_SA_XDC,6,2010,P3M,2014-04-01,en,"Gross Domestic Product, Real, Seasonally Adjusted, Domestic Currency"
688229.73402655,Q,DE,NGDP_R_SA_XDC,6,2010,P3M,2014-07-01,en,"Gross Domestic Product, Real, Seasonally Adjusted, Domestic Currency"
693805.8709239,Q,DE,NGDP_R_SA_XDC,6,2010,P3M,2014-10-01,en,"Gross Domestic Product, Real, Seasonally Adjusted, Domestic Currency"
690251.34104921,Q,DE,NGDP_R_SA_XDC,6,2010,P3M,2015-01-01,en,"Gross Domestic Product, Real, Seasonally Adjusted, Domestic Currency"
695339.50320224,Q,DE,NGDP_R_SA_XDC,6,2010,P3M,2015-04-01,en,"Gross Domestic Product, Real, Seasonally Adjusted, Domestic Currency"
698476.05199119,Q,DE,NGDP_R_SA_XDC,6,2010,P3M,2015-07-01,en,"Gross Domestic Product, Real, Seasonally Adjusted, Domestic Currency"
701542.92037473,Q,DE,NGDP_R_SA_XDC,6,2010,P3M,2015-10-01,en,"Gross Domestic Product, Real, Seasonally Adjusted, Domestic Currency"
707432.85403624,Q,DE,NGDP_R_SA_XDC,6,2010,P3M,2016-01-01,en,"Gross Domestic Product, Real, Seasonally Adjusted, Domestic Currency"
710569.55945177,Q,DE,NGDP_R_SA_XDC,6,2010,P3M,2016-04-01,en,"Gross Domestic Product, Real, Seasonally Adjusted, Domestic Currency"
712381.85807172,Q,DE,NGDP_R_SA_XDC,6,2010,P3M,2016-07-01,en,"Gross Domestic Product, Real, Seasonally Adjusted, Domestic Currency"
714960.94519085,Q,DE,NGDP_R_SA_XDC,6,2010,P3M,2016-10-01,en,"Gross Domestic Product, Real, Seasonally Adjusted, Domestic Currency"
723569.40048891,Q,DE,NGDP_R_SA_XDC,6,2010,P3M,2017-01-01,en,"Gross Domestic Product, Real, Seasonally Adjusted, Domestic Currency"
729703.10040269,Q,DE,NGDP_R_SA_XDC,6,2010,P3M,2017-04-01,en,"Gross Domestic Product, Real, Seasonally Adjusted, Domestic Currency"
735070.15001722,Q,DE,NGDP_R_SA_XDC,6,2010,P3M,2017-07-01,en,"Gross Domestic Product, Real, Seasonally Adjusted, Domestic Currency"
741761.47744072,Q,DE,NGDP_R_SA_XDC,6,2010,P3M,2017-10-01,en,"Gross Domestic Product, Real, Seasonally Adjusted, Domestic Currency"
737457.48933824,Q,DE,NGDP_R_SA_XDC,6,2010,P3M,2018-01-01,en,"Gross Domestic Product, Real, Seasonally Adjusted, Domestic Currency"
742685.22420862,Q,DE,NGDP_R_SA_XDC,6,2010,P3M,2018-04-01,en,"Gross Domestic Product, Real, Seasonally Adjusted, Domestic Currency"
736830.15378313,Q,DE,NGDP_R_SA_XDC,6,2010,P3M,2018-07-01,en,"Gross Domestic Product, Real, Seasonally Adjusted, Domestic Currency"
742685.26106194,Q,DE,NGDP_R_SA_XDC,6,2010,P3M,2018-10-01,en,"Gross Domestic Product, Real, Seasonally Adjusted, Domestic Currency"
748000.11716905,Q,DE,NGDP_R_SA_XDC,6,2010,P3M,2019-01-01,en,"Gross Domestic Product, Real, Seasonally Adjusted, Domestic Currency"
746745.39077886,Q,DE,NGDP_R_SA_XDC,6,2010,P3M,2019-04-01,en,"Gross Domestic Product, Real, Seasonally Adjusted, Domestic Currency"
747581.86889677,Q,DE,NGDP_R_SA_XDC,6,2010,P3M,2019-07-01,en,"Gross Domestic Product, Real, Seasonally Adjusted, Domestic Currency"
749533.61124746,Q,DE,NGDP_R_SA_XDC,6,2010,P3M,2019-10-01,en,"Gross Domestic Product, Real, Seasonally Adjusted, Domestic Currency"
738869.50567698,Q,DE,NGDP_R_SA_XDC,6,2010,P3M,2020-01-01,en,"Gross Domestic Product, Real, Seasonally Adjusted, Domestic Currency"
668816.30136131,Q,DE,NGDP_R_SA_XDC,6,2010,P3M,2020-04-01,en,"Gross Domestic Product, Real, Seasonally Adjusted, Domestic Currency"
729041.1687981,Q,DE,NGDP_R_SA_XDC,6,2010,P3M,2020-07-01,en,"Gross Domestic Product, Real, Seasonally Adjusted, Domestic Currency"
733571.95220128,Q,DE,NGDP_R_SA_XDC,6,2010,P3M,2020-10-01,en,"Gross Domestic Product, Real, Seasonally Adjusted, Domestic Currency"
722802.75940298,Q,DE,NGDP_R_SA_XDC,6,2010,P3M,2021-01-01,en,"Gross Domestic Product, Real, Seasonally Adjusted, Domestic Currency"
736743.05097306,Q,DE,NGDP_R_SA_XDC,6,2010,P3M,2021-04-01,en,"Gross Domestic Product, Real, Seasonally Adjusted, Domestic Currency"
742528.22908659,Q,DE,NGDP_R_SA_XDC,6,2010,P3M,2021-07-01,en,"Gross Domestic Product, Real, Seasonally Adjusted, Domestic Currency"
742319.16944375,Q,DE,NGDP_R_SA_XDC,6,2010,P3M,2021-10-01,en,"Gross Domestic Product, Real, Seasonally Adjusted, Domestic Currency"
748243.78207471,Q,DE,NGDP_R_SA_XDC,6,2010,P3M,2022-01-01,en,"Gross Domestic Product, Real, Seasonally Adjusted, Domestic Currency"
749010.48765393,Q,DE,NGDP_R_SA_XDC,6,2010,P3M,2022-04-01,en,"Gross Domestic Product, Real, Seasonally Adjusted, Domestic Currency"
752007.62956544,Q,DE,NGDP_R_SA_XDC,6,2010,P3M,2022-07-01,en,"Gross Domestic Product, Real, Seasonally Adjusted, Domestic Currency"
3233813,Q,US,NGDP_R_SA_XDC,6,2012,P3M,2000-01-01,en,"Gross Domestic Product, Real, Seasonally Adjusted, Domestic Currency"
3292687.3,Q,US,NGDP_R_SA_XDC,6,2012,P3M,2000-04-01,en,"Gross Domestic Product, Real, Seasonally Adjusted, Domestic Currency"
3295972.5,Q,US,NGDP_R_SA_XDC,6,2012,P3M,2000-07-01,en,"Gross Domestic Product, Real, Seasonally Adjusted, Domestic Currency"
3315562.5,Q,US,NGDP_R_SA_XDC,6,2012,P3M,2000-10-01,en,"Gross Domestic Product, Real, Seasonally Adjusted, Domestic Currency"
3304812.8,Q,US,NGDP_R_SA_XDC,6,2012,P3M,2001-01-01,en,"Gross Domestic Product, Real, Seasonally Adjusted, Domestic Currency"
3325348.5,Q,US,NGDP_R_SA_XDC,6,2012,P3M,2001-04-01,en,"Gross Domestic Product, Real, Seasonally Adjusted, Domestic Currency"
3312035.5,Q,US,NGDP_R_SA_XDC,6,2012,P3M,2001-07-01,en,"Gross Domestic Product, Real, Seasonally Adjusted, Domestic Currency"
3321220.3,Q,US,NGDP_R_SA_XDC,6,2012,P3M,2001-10-01,en,"Gross Domestic Product, Real, Seasonally Adjusted, Domestic Currency"
3348727.5,Q,US,NGDP_R_SA_XDC,6,2012,P3M,2002-01-01,en,"Gross Domestic Product, Real, Seasonally Adjusted, Domestic Currency"
3369339,Q,US,NGDP_R_SA_XDC,6,2012,P3M,2002-04-01,en,"Gross Domestic Product, Real, Seasonally Adjusted, Domestic Currency"
3382935.3,Q,US,NGDP_R_SA_XDC,6,2012,P3M,2002-07-01,en,"Gross Domestic Product, Real, Seasonally Adjusted, Domestic Currency"
3387355.3,Q,US,NGDP_R_SA_XDC,6,2012,P3M,2002-10-01,en,"Gross Domestic Product, Real, Seasonally Adjusted, Domestic Currency"
3404858.5,Q,US,NGDP_R_SA_XDC,6,2012,P3M,2003-01-01,en,"Gross Domestic Product, Real, Seasonally Adjusted, Domestic Currency"
3435276.8,Q,US,NGDP_R_SA_XDC,6,2012,P3M,2003-04-01,en,"Gross Domestic Product, Real, Seasonally Adjusted, Domestic Currency"
3492539.3,Q,US,NGDP_R_SA_XDC,6,2012,P3M,2003-07-01,en,"Gross Domestic Product, Real, Seasonally Adjusted, Domestic Currency"
3532844.8,Q,US,NGDP_R_SA_XDC,6,2012,P3M,2003-10-01,en,"Gross Domestic Product, Real, Seasonally Adjusted, Domestic Currency"
3553085,Q,US,NGDP_R_SA_XDC,6,2012,P3M,2004-01-01,en,"Gross Domestic Product, Real, Seasonally Adjusted, Domestic Currency"
3580754.3,Q,US,NGDP_R_SA_XDC,6,2012,P3M,2004-04-01,en,"Gross Domestic Product, Real, Seasonally Adjusted, Domestic Currency"
3614458,Q,US,NGDP_R_SA_XDC,6,2012,P3M,2004-07-01,en,"Gross Domestic Product, Real, Seasonally Adjusted, Domestic Currency"
3651398.8,Q,US,NGDP_R_SA_XDC,6,2012,P3M,2004-10-01,en,"Gross Domestic Product, Real, Seasonally Adjusted, Domestic Currency"
3691961.5,Q,US,NGDP_R_SA_XDC,6,2012,P3M,2005-01-01,en,"Gross Domestic Product, Real, Seasonally Adjusted, Domestic Currency"
3709926.8,Q,US,NGDP_R_SA_XDC,6,2012,P3M,2005-04-01,en,"Gross Domestic Product, Real, Seasonally Adjusted, Domestic Currency"
3739072.8,Q,US,NGDP_R_SA_XDC,6,2012,P3M,2005-07-01,en,"Gross Domestic Product, Real, Seasonally Adjusted, Domestic Currency"
3760308,Q,US,NGDP_R_SA_XDC,6,2012,P3M,2005-10-01,en,"Gross Domestic Product, Real, Seasonally Adjusted, Domestic Currency"
3811022,Q,US,NGDP_R_SA_XDC,6,2012,P3M,2006-01-01,en,"Gross Domestic Product, Real, Seasonally Adjusted, Domestic Currency"
3820381.3,Q,US,NGDP_R_SA_XDC,6,2012,P3M,2006-04-01,en,"Gross Domestic Product, Real, Seasonally Adjusted, Domestic Currency"
3826129.3,Q,US,NGDP_R_SA_XDC,6,2012,P3M,2006-07-01,en,"Gross Domestic Product, Real, Seasonally Adjusted, Domestic Currency"
3858410.8,Q,US,NGDP_R_SA_XDC,6,2012,P3M,2006-10-01,en,"Gross Domestic Product, Real, Seasonally Adjusted, Domestic Currency"
3869739,Q,US,NGDP_R_SA_XDC,6,2012,P3M,2007-01-01,en,"Gross Domestic Product, Real, Seasonally Adjusted, Domestic Currency"
3894444.8,Q,US,NGDP_R_SA_XDC,6,2012,P3M,2007-04-01,en,"Gross Domestic Product, Real, Seasonally Adjusted, Domestic Currency"
3917901.3,Q,US,NGDP_R_SA_XDC,6,2012,P3M,2007-07-01,en,"Gross Domestic Product, Real, Seasonally Adjusted, Domestic Currency"
3941786.5,Q,US,NGDP_R_SA_XDC,6,2012,P3M,2007-10-01,en,"Gross Domestic Product, Real, Seasonally Adjusted, Domestic Currency"
3925726.5,Q,US,NGDP_R_SA_XDC,6,2012,P3M,2008-01-01,en,"Gross Domestic Product, Real, Seasonally Adjusted, Domestic Currency"
3948193.3,Q,US,NGDP_R_SA_XDC,6,2012,P3M,2008-04-01,en,"Gross Domestic Product, Real, Seasonally Adjusted, Domestic Currency"
3927390.5,Q,US,NGDP_R_SA_XDC,6,2012,P3M,2008-07-01,en,"Gross Domestic Product, Real, Seasonally Adjusted, Domestic Currency"
3841651.8,Q,US,NGDP_R_SA_XDC,6,2012,P3M,2008-10-01,en,"Gross Domestic Product, Real, Seasonally Adjusted, Domestic Currency"
3796868.8,Q,US,NGDP_R_SA_XDC,6,2012,P3M,2009-01-01,en,"Gross Domestic Product, Real, Seasonally Adjusted, Domestic Currency"
3790443,Q,US,NGDP_R_SA_XDC,6,2012,P3M,2009-04-01,en,"Gross Domestic Product, Real, Seasonally Adjusted, Domestic Currency"
3804161.8,Q,US,NGDP_R_SA_XDC,6,2012,P3M,2009-07-01,en,"Gross Domestic Product, Real, Seasonally Adjusted, Domestic Currency"
3844788.8,Q,US,NGDP_R_SA_XDC,6,2012,P3M,2009-10-01,en,"Gross Domestic Product, Real, Seasonally Adjusted, Domestic Currency"
3864014.8,Q,US,NGDP_R_SA_XDC,6,2012,P3M,2010-01-01,en,"Gross Domestic Product, Real, Seasonally Adjusted, Domestic Currency"
3901407,Q,US,NGDP_R_SA_XDC,6,2012,P3M,2010-04-01,en,"Gross Domestic Product, Real, Seasonally Adjusted, Domestic Currency"
3931570.5,Q,US,NGDP_R_SA_XDC,6,2012,P3M,2010-07-01,en,"Gross Domestic Product, Real, Seasonally Adjusted, Domestic Currency"
3951998.8,Q,US,NGDP_R_SA_XDC,6,2012,P3M,2010-10-01,en,"Gross Domestic Product, Real, Seasonally Adjusted, Domestic Currency"
3942477.8,Q,US,NGDP_R_SA_XDC,6,2012,P3M,2011-01-01,en,"Gross Domestic Product, Real, Seasonally Adjusted, Domestic Currency"
3969209.8,Q,US,NGDP_R_SA_XDC,6,2012,P3M,2011-04-01,en,"Gross Domestic Product, Real, Seasonally Adjusted, Domestic Currency"
3967671,Q,US,NGDP_R_SA_XDC,6,2012,P3M,2011-07-01,en,"Gross Domestic Product, Real, Seasonally Adjusted, Domestic Currency"
4012175.5,Q,US,NGDP_R_SA_XDC,6,2012,P3M,2011-10-01,en,"Gross Domestic Product, Real, Seasonally Adjusted, Domestic Currency"
4044992,Q,US,NGDP_R_SA_XDC,6,2012,P3M,2012-01-01,en,"Gross Domestic Product, Real, Seasonally Adjusted, Domestic Currency"
4063431.5,Q,US,NGDP_R_SA_XDC,6,2012,P3M,2012-04-01,en,"Gross Domestic Product, Real, Seasonally Adjusted, Domestic Currency"
4070537.8,Q,US,NGDP_R_SA_XDC,6,2012,P3M,2012-07-01,en,"Gross Domestic Product, Real, Seasonally Adjusted, Domestic Currency"
4075008.8,Q,US,NGDP_R_SA_XDC,6,2012,P3M,2012-10-01,en,"Gross Domestic Product, Real, Seasonally Adjusted, Domestic Currency"
4110371.3,Q,US,NGDP_R_SA_XDC,6,2012,P3M,2013-01-01,en,"Gross Domestic Product, Real, Seasonally Adjusted, Domestic Currency"
4116100.5,Q,US,NGDP_R_SA_XDC,6,2012,P3M,2013-04-01,en,"Gross Domestic Product, Real, Seasonally Adjusted, Domestic Currency"
4148685.8,Q,US,NGDP_R_SA_XDC,6,2012,P3M,2013-07-01,en,"Gross Domestic Product, Real, Seasonally Adjusted, Domestic Currency"
4178190,Q,US,NGDP_R_SA_XDC,6,2012,P3M,2013-10-01,en,"Gross Domestic Product, Real, Seasonally Adjusted, Domestic Currency"
4163561.8,Q,US,NGDP_R_SA_XDC,6,2012,P3M,2014-01-01,en,"Gross Domestic Product, Real, Seasonally Adjusted, Domestic Currency"
4217027.3,Q,US,NGDP_R_SA_XDC,6,2012,P3M,2014-04-01,en,"Gross Domestic Product, Real, Seasonally Adjusted, Domestic Currency"
4266154,Q,US,NGDP_R_SA_XDC,6,2012,P3M,2014-07-01,en,"Gross Domestic Product, Real, Seasonally Adjusted, Domestic Currency"
4285308.8,Q,US,NGDP_R_SA_XDC,6,2012,P3M,2014-10-01,en,"Gross Domestic Product, Real, Seasonally Adjusted, Domestic Currency"
4320161.8,Q,US,NGDP_R_SA_XDC,6,2012,P3M,2015-01-01,en,"Gross Domestic Product, Real, Seasonally Adjusted, Domestic Currency"
4345218.8,Q,US,NGDP_R_SA_XDC,6,2012,P3M,2015-04-01,en,"Gross Domestic Product, Real, Seasonally Adjusted, Domestic Currency"
4359270,Q,US,NGDP_R_SA_XDC,6,2012,P3M,2015-07-01,en,"Gross Domestic Product, Real, Seasonally Adjusted, Domestic Currency"
4365644.8,Q,US,NGDP_R_SA_XDC,6,2012,P3M,2015-10-01,en,"Gross Domestic Product, Real, Seasonally Adjusted, Domestic Currency"
4391366.3,Q,US,NGDP_R_SA_XDC,6,2012,P3M,2016-01-01,en,"Gross Domestic Product, Real, Seasonally Adjusted, Domestic Currency"
4404645.3,Q,US,NGDP_R_SA_XDC,6,2012,P3M,2016-04-01,en,"Gross Domestic Product, Real, Seasonally Adjusted, Domestic Currency"
4431122.3,Q,US,NGDP_R_SA_XDC,6,2012,P3M,2016-07-01,en,"Gross Domestic Product, Real, Seasonally Adjusted, Domestic Currency"
4453140,Q,US,NGDP_R_SA_XDC,6,2012,P3M,2016-10-01,en,"Gross Domestic Product, Real, Seasonally Adjusted, Domestic Currency"
4472273.5,Q,US,NGDP_R_SA_XDC,6,2012,P3M,2017-01-01,en,"Gross Domestic Product, Real, Seasonally Adjusted, Domestic Currency"
4494804.5,Q,US,NGDP_R_SA_XDC,6,2012,P3M,2017-04-01,en,"Gross Domestic Product, Real, Seasonally Adjusted, Domestic Currency"
4531998.5,Q,US,NGDP_R_SA_XDC,6,2012,P3M,2017-07-01,en,"Gross Domestic Product, Real, Seasonally Adjusted, Domestic Currency"
4577575,Q,US,NGDP_R_SA_XDC,6,2012,P3M,2017-10-01,en,"Gross Domestic Product, Real, Seasonally Adjusted, Domestic Currency"
4609281.8,Q,US,NGDP_R_SA_XDC,6,2012,P3M,2018-01-01,en,"Gross Domestic Product, Real, Seasonally Adjusted, Domestic Currency"
4641424.3,Q,US,NGDP_R_SA_XDC,6,2012,P3M,2018-04-01,en,"Gross Domestic Product, Real, Seasonally Adjusted, Domestic Currency"
4674937,Q,US,NGDP_R_SA_XDC,6,2012,P3M,2018-07-01,en,"Gross Domestic Product, Real, Seasonally Adjusted, Domestic Currency"
4683435.3,Q,US,NGDP_R_SA_XDC,6,2012,P3M,2018-10-01,en,"Gross Domestic Product, Real, Seasonally Adjusted, Domestic Currency"
4708852.8,Q,US,NGDP_R_SA_XDC,6,2012,P3M,2019-01-01,en,"Gross Domestic Product, Real, Seasonally Adjusted, Domestic Currency"
4740543.8,Q,US,NGDP_R_SA_XDC,6,2012,P3M,2019-04-01,en,"Gross Domestic Product, Real, Seasonally Adjusted, Domestic Currency"
4782733,Q,US,NGDP_R_SA_XDC,6,2012,P3M,2019-07-01,en,"Gross Domestic Product, Real, Seasonally Adjusted, Domestic Currency"
4803922.8,Q,US,NGDP_R_SA_XDC,6,2012,P3M,2019-10-01,en,"Gross Domestic Product, Real, Seasonally Adjusted, Domestic Currency"
4747469.3,Q,US,NGDP_R_SA_XDC,6,2012,P3M,2020-01-01,en,"Gross Domestic Product, Real, Seasonally Adjusted, Domestic Currency"
4344678,Q,US,NGDP_R_SA_XDC,6,2012,P3M,2020-04-01,en,"Gross Domestic Product, Real, Seasonally Adjusted, Domestic Currency"
4685930,Q,US,NGDP_R_SA_XDC,6,2012,P3M,2020-07-01,en,"Gross Domestic Product, Real, Seasonally Adjusted, Domestic Currency"
4731065.5,Q,US,NGDP_R_SA_XDC,6,2012,P3M,2020-10-01,en,"Gross Domestic Product, Real, Seasonally Adjusted, Domestic Currency"
4804056,Q,US,NGDP_R_SA_XDC,6,2012,P3M,2021-01-01,en,"Gross Domestic Product, Real, Seasonally Adjusted, Domestic Currency"
4886062,Q,US,NGDP_R_SA_XDC,6,2012,P3M,2021-04-01,en,"Gross Domestic Product, Real, Seasonally Adjusted, Domestic Currency"
4918148.5,Q,US,NGDP_R_SA_XDC,6,2012,P3M,2021-07-01,en,"Gross Domestic Product, Real, Seasonally Adjusted, Domestic Currency"
5001545.3,Q,US,NGDP_R_SA_XDC,6,2012,P3M,2021-10-01,en,"Gross Domestic Product, Real, Seasonally Adjusted, Domestic Currency"
4981022,Q,US,NGDP_R_SA_XDC,6,2012,P3M,2022-01-01,en,"Gross Domestic Product, Real, Seasonally Adjusted, Domestic Currency"
4973817.8,Q,US,NGDP_R_SA_XDC,6,2012,P3M,2022-04-01,en,"Gross Domestic Product, Real, Seasonally Adjusted, Domestic Currency"
5013665.8,Q,US,NGDP_R_SA_XDC,6,2012,P3M,2022-07-01,en,"Gross Domestic Product, Real, Seasonally Adjusted, Domestic Currency"
5049522.8,Q,US,NGDP_R_SA_XDC,6,2012,P3M,2022-10-01,en,"Gross Domestic Product, Real, Seasonally Adjusted, Domestic Currency"
